source,target,weight,name
0,1,1,Box and Whisker
0,2,1,Box and Whisker
0,4,1,Box and Whisker
0,5,1,Box and Whisker
0,6,1,Box and Whisker
0,9,1,Box and Whisker
0,11,1,Box and Whisker
1,0,1,Circle Graph
1,2,1,Circle Graph
1,3,1,Circle Graph
1,4,1,Circle Graph
1,5,1,Circle Graph
1,6,1,Circle Graph
1,7,1,Circle Graph
1,8,1,Circle Graph
1,9,1,Circle Graph
1,12,1,Circle Graph
1,15,1,Circle Graph
1,17,1,Circle Graph
1,21,1,Circle Graph
1,22,1,Circle Graph
1,23,1,Circle Graph
1,24,1,Circle Graph
1,29,1,Circle Graph
1,30,1,Circle Graph
1,31,1,Circle Graph
1,33,1,Circle Graph
1,38,1,Circle Graph
1,44,1,Circle Graph
1,48,1,Circle Graph
1,49,1,Circle Graph
2,0,1,Histogram as Table or Graph
2,1,1,Histogram as Table or Graph
2,3,1,Histogram as Table or Graph
2,4,1,Histogram as Table or Graph
2,5,1,Histogram as Table or Graph
2,6,1,Histogram as Table or Graph
2,9,1,Histogram as Table or Graph
2,11,1,Histogram as Table or Graph
2,12,1,Histogram as Table or Graph
3,1,1,Number Line
3,2,1,Number Line
3,4,1,Number Line
3,5,1,Number Line
3,6,1,Number Line
3,7,1,Number Line
3,9,1,Number Line
3,12,1,Number Line
3,14,1,Number Line
3,15,1,Number Line
3,25,1,Number Line
3,30,1,Number Line
3,32,1,Number Line
3,34,1,Number Line
3,36,1,Number Line
3,56,1,Number Line
3,64,1,Number Line
3,121,1,Number Line
4,0,1,Scatter Plot
4,1,1,Scatter Plot
4,2,1,Scatter Plot
4,3,1,Scatter Plot
4,5,1,Scatter Plot
4,6,1,Scatter Plot
4,7,1,Scatter Plot
4,25,1,Scatter Plot
4,30,1,Scatter Plot
4,55,1,Scatter Plot
4,61,1,Scatter Plot
4,63,1,Scatter Plot
5,0,1,Stem and Leaf Plot
5,1,1,Stem and Leaf Plot
5,2,1,Stem and Leaf Plot
5,3,1,Stem and Leaf Plot
5,4,1,Stem and Leaf Plot
5,6,1,Stem and Leaf Plot
5,7,1,Stem and Leaf Plot
5,8,1,Stem and Leaf Plot
5,9,1,Stem and Leaf Plot
5,10,1,Stem and Leaf Plot
5,11,1,Stem and Leaf Plot
6,0,1,Table
6,1,1,Table
6,2,1,Table
6,3,1,Table
6,4,1,Table
6,5,1,Table
6,7,1,Table
6,8,1,Table
6,9,1,Table
6,10,1,Table
6,11,1,Table
6,12,1,Table
6,13,1,Table
6,14,1,Table
6,30,1,Table
6,32,1,Table
6,37,1,Table
6,40,1,Table
6,65,1,Table
7,1,1,Venn Diagram
7,3,1,Venn Diagram
7,4,1,Venn Diagram
7,5,1,Venn Diagram
7,6,1,Venn Diagram
7,8,1,Venn Diagram
7,9,1,Venn Diagram
7,10,1,Venn Diagram
7,11,1,Venn Diagram
7,12,1,Venn Diagram
7,13,1,Venn Diagram
7,15,1,Venn Diagram
7,17,1,Venn Diagram
7,24,1,Venn Diagram
7,30,1,Venn Diagram
7,36,1,Venn Diagram
7,37,1,Venn Diagram
7,44,1,Venn Diagram
7,88,1,Venn Diagram
7,90,1,Venn Diagram
7,98,1,Venn Diagram
8,1,1,Mean
8,5,1,Mean
8,6,1,Mean
8,7,1,Mean
8,9,1,Mean
8,10,1,Mean
8,11,1,Mean
8,12,1,Mean
8,13,1,Mean
8,14,1,Mean
8,17,1,Mean
8,24,1,Mean
8,30,1,Mean
8,37,1,Mean
8,56,1,Mean
9,0,1,Median
9,1,1,Median
9,2,1,Median
9,3,1,Median
9,5,1,Median
9,6,1,Median
9,7,1,Median
9,8,1,Median
9,10,1,Median
9,11,1,Median
9,12,1,Median
9,13,1,Median
9,14,1,Median
9,15,1,Median
9,17,1,Median
9,20,1,Median
9,23,1,Median
9,24,1,Median
9,30,1,Median
9,34,1,Median
9,56,1,Median
9,66,1,Median
9,81,1,Median
10,5,1,Mode
10,6,1,Mode
10,7,1,Mode
10,8,1,Mode
10,9,1,Mode
10,11,1,Mode
10,12,1,Mode
10,13,1,Mode
10,14,1,Mode
10,17,1,Mode
10,18,1,Mode
10,22,1,Mode
10,25,1,Mode
10,30,1,Mode
10,33,1,Mode
10,44,1,Mode
10,45,1,Mode
10,46,1,Mode
11,0,1,Range
11,2,1,Range
11,5,1,Range
11,6,1,Range
11,7,1,Range
11,8,1,Range
11,9,1,Range
11,10,1,Range
11,12,1,Range
11,13,1,Range
11,14,1,Range
11,15,1,Range
11,16,1,Range
11,17,1,Range
11,18,1,Range
11,20,1,Range
11,22,1,Range
11,24,1,Range
11,25,1,Range
11,27,1,Range
11,29,1,Range
11,30,1,Range
11,31,1,Range
11,32,1,Range
11,36,1,Range
11,37,1,Range
11,38,1,Range
11,39,1,Range
11,44,1,Range
11,45,1,Range
11,46,1,Range
11,52,1,Range
11,56,1,Range
11,61,1,Range
11,66,1,Range
11,106,1,Range
12,1,1,Counting Methods
12,2,1,Counting Methods
12,3,1,Counting Methods
12,6,1,Counting Methods
12,7,1,Counting Methods
12,8,1,Counting Methods
12,9,1,Counting Methods
12,10,1,Counting Methods
12,11,1,Counting Methods
12,13,1,Counting Methods
12,14,1,Counting Methods
12,15,1,Counting Methods
12,22,1,Counting Methods
12,25,1,Counting Methods
12,32,1,Counting Methods
12,36,1,Counting Methods
13,6,1,Probability of Two Distinct Events
13,7,1,Probability of Two Distinct Events
13,8,1,Probability of Two Distinct Events
13,9,1,Probability of Two Distinct Events
13,10,1,Probability of Two Distinct Events
13,11,1,Probability of Two Distinct Events
13,12,1,Probability of Two Distinct Events
13,14,1,Probability of Two Distinct Events
13,15,1,Probability of Two Distinct Events
13,16,1,Probability of Two Distinct Events
13,17,1,Probability of Two Distinct Events
13,20,1,Probability of Two Distinct Events
13,24,1,Probability of Two Distinct Events
13,25,1,Probability of Two Distinct Events
13,26,1,Probability of Two Distinct Events
13,29,1,Probability of Two Distinct Events
13,38,1,Probability of Two Distinct Events
13,55,1,Probability of Two Distinct Events
14,3,1,Probability of a Single Event
14,6,1,Probability of a Single Event
14,8,1,Probability of a Single Event
14,9,1,Probability of a Single Event
14,10,1,Probability of a Single Event
14,11,1,Probability of a Single Event
14,12,1,Probability of a Single Event
14,13,1,Probability of a Single Event
14,15,1,Probability of a Single Event
14,16,1,Probability of a Single Event
14,17,1,Probability of a Single Event
14,18,1,Probability of a Single Event
14,19,1,Probability of a Single Event
14,20,1,Probability of a Single Event
14,22,1,Probability of a Single Event
14,24,1,Probability of a Single Event
14,27,1,Probability of a Single Event
14,29,1,Probability of a Single Event
14,30,1,Probability of a Single Event
14,31,1,Probability of a Single Event
14,32,1,Probability of a Single Event
14,33,1,Probability of a Single Event
14,34,1,Probability of a Single Event
14,37,1,Probability of a Single Event
14,38,1,Probability of a Single Event
14,40,1,Probability of a Single Event
14,44,1,Probability of a Single Event
14,45,1,Probability of a Single Event
14,49,1,Probability of a Single Event
14,56,1,Probability of a Single Event
14,58,1,Probability of a Single Event
14,63,1,Probability of a Single Event
14,83,1,Probability of a Single Event
14,84,1,Probability of a Single Event
14,85,1,Probability of a Single Event
14,98,1,Probability of a Single Event
15,1,1,Interior Angles Figures with More than 3 Sides
15,3,1,Interior Angles Figures with More than 3 Sides
15,7,1,Interior Angles Figures with More than 3 Sides
15,9,1,Interior Angles Figures with More than 3 Sides
15,11,1,Interior Angles Figures with More than 3 Sides
15,12,1,Interior Angles Figures with More than 3 Sides
15,13,1,Interior Angles Figures with More than 3 Sides
15,14,1,Interior Angles Figures with More than 3 Sides
15,16,1,Interior Angles Figures with More than 3 Sides
15,17,1,Interior Angles Figures with More than 3 Sides
15,18,1,Interior Angles Figures with More than 3 Sides
15,19,1,Interior Angles Figures with More than 3 Sides
15,25,1,Interior Angles Figures with More than 3 Sides
16,11,1,Interior Angles Triangle
16,13,1,Interior Angles Triangle
16,14,1,Interior Angles Triangle
16,15,1,Interior Angles Triangle
16,17,1,Interior Angles Triangle
16,18,1,Interior Angles Triangle
16,19,1,Interior Angles Triangle
16,20,1,Interior Angles Triangle
16,21,1,Interior Angles Triangle
16,34,1,Interior Angles Triangle
17,1,1,Congruence
17,7,1,Congruence
17,8,1,Congruence
17,9,1,Congruence
17,10,1,Congruence
17,11,1,Congruence
17,13,1,Congruence
17,14,1,Congruence
17,15,1,Congruence
17,16,1,Congruence
17,18,1,Congruence
17,19,1,Congruence
17,20,1,Congruence
17,21,1,Congruence
17,22,1,Congruence
17,24,1,Congruence
17,25,1,Congruence
17,26,1,Congruence
17,29,1,Congruence
17,30,1,Congruence
17,31,1,Congruence
17,32,1,Congruence
17,36,1,Congruence
17,37,1,Congruence
17,44,1,Congruence
18,10,1,Complementary and Supplementary Angles
18,11,1,Complementary and Supplementary Angles
18,14,1,Complementary and Supplementary Angles
18,15,1,Complementary and Supplementary Angles
18,16,1,Complementary and Supplementary Angles
18,17,1,Complementary and Supplementary Angles
18,19,1,Complementary and Supplementary Angles
18,20,1,Complementary and Supplementary Angles
18,21,1,Complementary and Supplementary Angles
18,22,1,Complementary and Supplementary Angles
18,24,1,Complementary and Supplementary Angles
18,25,1,Complementary and Supplementary Angles
18,26,1,Complementary and Supplementary Angles
18,27,1,Complementary and Supplementary Angles
18,29,1,Complementary and Supplementary Angles
18,30,1,Complementary and Supplementary Angles
18,32,1,Complementary and Supplementary Angles
18,40,1,Complementary and Supplementary Angles
18,44,1,Complementary and Supplementary Angles
18,49,1,Complementary and Supplementary Angles
18,61,1,Complementary and Supplementary Angles
18,65,1,Complementary and Supplementary Angles
18,67,1,Complementary and Supplementary Angles
18,82,1,Complementary and Supplementary Angles
18,84,1,Complementary and Supplementary Angles
18,96,1,Complementary and Supplementary Angles
18,98,1,Complementary and Supplementary Angles
18,106,1,Complementary and Supplementary Angles
19,14,1,Angles on Parallel Lines Cut by a Transversal
19,15,1,Angles on Parallel Lines Cut by a Transversal
19,16,1,Angles on Parallel Lines Cut by a Transversal
19,17,1,Angles on Parallel Lines Cut by a Transversal
19,18,1,Angles on Parallel Lines Cut by a Transversal
19,20,1,Angles on Parallel Lines Cut by a Transversal
19,22,1,Angles on Parallel Lines Cut by a Transversal
19,25,1,Angles on Parallel Lines Cut by a Transversal
19,26,1,Angles on Parallel Lines Cut by a Transversal
19,27,1,Angles on Parallel Lines Cut by a Transversal
19,29,1,Angles on Parallel Lines Cut by a Transversal
19,30,1,Angles on Parallel Lines Cut by a Transversal
19,32,1,Angles on Parallel Lines Cut by a Transversal
19,36,1,Angles on Parallel Lines Cut by a Transversal
19,37,1,Angles on Parallel Lines Cut by a Transversal
19,40,1,Angles on Parallel Lines Cut by a Transversal
19,53,1,Angles on Parallel Lines Cut by a Transversal
19,61,1,Angles on Parallel Lines Cut by a Transversal
19,82,1,Angles on Parallel Lines Cut by a Transversal
19,106,1,Angles on Parallel Lines Cut by a Transversal
20,9,1,Pythagorean Theorem
20,11,1,Pythagorean Theorem
20,13,1,Pythagorean Theorem
20,14,1,Pythagorean Theorem
20,16,1,Pythagorean Theorem
20,17,1,Pythagorean Theorem
20,18,1,Pythagorean Theorem
20,19,1,Pythagorean Theorem
20,21,1,Pythagorean Theorem
20,22,1,Pythagorean Theorem
20,23,1,Pythagorean Theorem
20,24,1,Pythagorean Theorem
20,25,1,Pythagorean Theorem
20,27,1,Pythagorean Theorem
20,29,1,Pythagorean Theorem
20,30,1,Pythagorean Theorem
20,32,1,Pythagorean Theorem
20,34,1,Pythagorean Theorem
20,37,1,Pythagorean Theorem
20,39,1,Pythagorean Theorem
20,53,1,Pythagorean Theorem
20,56,1,Pythagorean Theorem
20,59,1,Pythagorean Theorem
20,66,1,Pythagorean Theorem
20,81,1,Pythagorean Theorem
20,96,1,Pythagorean Theorem
20,102,1,Pythagorean Theorem
21,1,1,Nets of 3D Figures
21,16,1,Nets of 3D Figures
21,17,1,Nets of 3D Figures
21,18,1,Nets of 3D Figures
21,20,1,Nets of 3D Figures
21,22,1,Nets of 3D Figures
21,25,1,Nets of 3D Figures
21,27,1,Nets of 3D Figures
21,29,1,Nets of 3D Figures
21,44,1,Nets of 3D Figures
21,49,1,Nets of 3D Figures
21,56,1,Nets of 3D Figures
21,66,1,Nets of 3D Figures
21,67,1,Nets of 3D Figures
22,1,1,Unit Conversion Within a System
22,10,1,Unit Conversion Within a System
22,11,1,Unit Conversion Within a System
22,12,1,Unit Conversion Within a System
22,14,1,Unit Conversion Within a System
22,17,1,Unit Conversion Within a System
22,18,1,Unit Conversion Within a System
22,19,1,Unit Conversion Within a System
22,20,1,Unit Conversion Within a System
22,21,1,Unit Conversion Within a System
22,23,1,Unit Conversion Within a System
22,24,1,Unit Conversion Within a System
22,25,1,Unit Conversion Within a System
22,26,1,Unit Conversion Within a System
22,27,1,Unit Conversion Within a System
22,29,1,Unit Conversion Within a System
22,30,1,Unit Conversion Within a System
22,43,1,Unit Conversion Within a System
22,45,1,Unit Conversion Within a System
22,51,1,Unit Conversion Within a System
22,80,1,Unit Conversion Within a System
23,1,1,Effect of Changing Dimensions of a Shape Prportionally
23,9,1,Effect of Changing Dimensions of a Shape Prportionally
23,20,1,Effect of Changing Dimensions of a Shape Prportionally
23,22,1,Effect of Changing Dimensions of a Shape Prportionally
23,24,1,Effect of Changing Dimensions of a Shape Prportionally
23,25,1,Effect of Changing Dimensions of a Shape Prportionally
23,29,1,Effect of Changing Dimensions of a Shape Prportionally
24,1,1,Congruence
24,7,1,Congruence
24,8,1,Congruence
24,9,1,Congruence
24,11,1,Congruence
24,13,1,Congruence
24,14,1,Congruence
24,17,1,Congruence
24,18,1,Congruence
24,20,1,Congruence
24,22,1,Congruence
24,23,1,Congruence
24,25,1,Congruence
24,26,1,Congruence
24,27,1,Congruence
24,29,1,Congruence
24,30,1,Congruence
24,31,1,Congruence
24,32,1,Congruence
24,44,1,Congruence
24,48,1,Congruence
25,3,1,Area Circle
25,4,1,Area Circle
25,10,1,Area Circle
25,11,1,Area Circle
25,12,1,Area Circle
25,13,1,Area Circle
25,15,1,Area Circle
25,17,1,Area Circle
25,18,1,Area Circle
25,19,1,Area Circle
25,20,1,Area Circle
25,21,1,Area Circle
25,22,1,Area Circle
25,23,1,Area Circle
25,24,1,Area Circle
25,26,1,Area Circle
25,29,1,Area Circle
25,30,1,Area Circle
25,32,1,Area Circle
25,38,1,Area Circle
25,41,1,Area Circle
25,61,1,Area Circle
25,65,1,Area Circle
25,98,1,Area Circle
25,106,1,Area Circle
25,107,1,Area Circle
26,13,1,Circumference 
26,17,1,Circumference 
26,18,1,Circumference 
26,19,1,Circumference 
26,22,1,Circumference 
26,24,1,Circumference 
26,25,1,Circumference 
26,27,1,Circumference 
26,29,1,Circumference 
26,30,1,Circumference 
26,31,1,Circumference 
26,32,1,Circumference 
26,37,1,Circumference 
26,38,1,Circumference 
27,11,1,Perimeter of a Polygon
27,14,1,Perimeter of a Polygon
27,18,1,Perimeter of a Polygon
27,19,1,Perimeter of a Polygon
27,20,1,Perimeter of a Polygon
27,21,1,Perimeter of a Polygon
27,22,1,Perimeter of a Polygon
27,24,1,Perimeter of a Polygon
27,26,1,Perimeter of a Polygon
27,28,1,Perimeter of a Polygon
27,29,1,Perimeter of a Polygon
27,30,1,Perimeter of a Polygon
27,31,1,Perimeter of a Polygon
27,32,1,Perimeter of a Polygon
27,37,1,Perimeter of a Polygon
27,39,1,Perimeter of a Polygon
27,66,1,Perimeter of a Polygon
27,67,1,Perimeter of a Polygon
27,96,1,Perimeter of a Polygon
28,27,1,Reading a Ruler or Scale
28,29,1,Reading a Ruler or Scale
29,1,1,Calculations with Similar Figures
29,11,1,Calculations with Similar Figures
29,13,1,Calculations with Similar Figures
29,14,1,Calculations with Similar Figures
29,17,1,Calculations with Similar Figures
29,18,1,Calculations with Similar Figures
29,19,1,Calculations with Similar Figures
29,20,1,Calculations with Similar Figures
29,21,1,Calculations with Similar Figures
29,22,1,Calculations with Similar Figures
29,23,1,Calculations with Similar Figures
29,24,1,Calculations with Similar Figures
29,25,1,Calculations with Similar Figures
29,26,1,Calculations with Similar Figures
29,27,1,Calculations with Similar Figures
29,28,1,Calculations with Similar Figures
29,30,1,Calculations with Similar Figures
29,31,1,Calculations with Similar Figures
29,32,1,Calculations with Similar Figures
29,33,1,Calculations with Similar Figures
29,36,1,Calculations with Similar Figures
29,37,1,Calculations with Similar Figures
29,39,1,Calculations with Similar Figures
29,44,1,Calculations with Similar Figures
29,45,1,Calculations with Similar Figures
29,49,1,Calculations with Similar Figures
29,51,1,Calculations with Similar Figures
29,58,1,Calculations with Similar Figures
29,59,1,Calculations with Similar Figures
29,63,1,Calculations with Similar Figures
29,80,1,Calculations with Similar Figures
29,83,1,Calculations with Similar Figures
29,84,1,Calculations with Similar Figures
29,85,1,Calculations with Similar Figures
29,94,1,Calculations with Similar Figures
30,1,1,Conversion of Fraction Decimals Percents
30,3,1,Conversion of Fraction Decimals Percents
30,4,1,Conversion of Fraction Decimals Percents
30,6,1,Conversion of Fraction Decimals Percents
30,7,1,Conversion of Fraction Decimals Percents
30,8,1,Conversion of Fraction Decimals Percents
30,9,1,Conversion of Fraction Decimals Percents
30,10,1,Conversion of Fraction Decimals Percents
30,11,1,Conversion of Fraction Decimals Percents
30,14,1,Conversion of Fraction Decimals Percents
30,17,1,Conversion of Fraction Decimals Percents
30,18,1,Conversion of Fraction Decimals Percents
30,19,1,Conversion of Fraction Decimals Percents
30,20,1,Conversion of Fraction Decimals Percents
30,22,1,Conversion of Fraction Decimals Percents
30,24,1,Conversion of Fraction Decimals Percents
30,25,1,Conversion of Fraction Decimals Percents
30,26,1,Conversion of Fraction Decimals Percents
30,27,1,Conversion of Fraction Decimals Percents
30,29,1,Conversion of Fraction Decimals Percents
30,31,1,Conversion of Fraction Decimals Percents
30,32,1,Conversion of Fraction Decimals Percents
30,33,1,Conversion of Fraction Decimals Percents
30,34,1,Conversion of Fraction Decimals Percents
30,36,1,Conversion of Fraction Decimals Percents
30,37,1,Conversion of Fraction Decimals Percents
30,38,1,Conversion of Fraction Decimals Percents
30,39,1,Conversion of Fraction Decimals Percents
30,41,1,Conversion of Fraction Decimals Percents
30,42,1,Conversion of Fraction Decimals Percents
30,44,1,Conversion of Fraction Decimals Percents
30,45,1,Conversion of Fraction Decimals Percents
30,47,1,Conversion of Fraction Decimals Percents
30,48,1,Conversion of Fraction Decimals Percents
30,49,1,Conversion of Fraction Decimals Percents
30,53,1,Conversion of Fraction Decimals Percents
30,58,1,Conversion of Fraction Decimals Percents
30,59,1,Conversion of Fraction Decimals Percents
30,79,1,Conversion of Fraction Decimals Percents
30,82,1,Conversion of Fraction Decimals Percents
30,96,1,Conversion of Fraction Decimals Percents
30,98,1,Conversion of Fraction Decimals Percents
31,1,1,Equivalent Fractions
31,11,1,Equivalent Fractions
31,14,1,Equivalent Fractions
31,17,1,Equivalent Fractions
31,24,1,Equivalent Fractions
31,26,1,Equivalent Fractions
31,27,1,Equivalent Fractions
31,29,1,Equivalent Fractions
31,30,1,Equivalent Fractions
31,32,1,Equivalent Fractions
31,33,1,Equivalent Fractions
31,36,1,Equivalent Fractions
31,37,1,Equivalent Fractions
31,39,1,Equivalent Fractions
31,40,1,Equivalent Fractions
31,44,1,Equivalent Fractions
31,48,1,Equivalent Fractions
31,49,1,Equivalent Fractions
32,3,1,Ordering Positive Decimals
32,6,1,Ordering Positive Decimals
32,11,1,Ordering Positive Decimals
32,12,1,Ordering Positive Decimals
32,14,1,Ordering Positive Decimals
32,17,1,Ordering Positive Decimals
32,18,1,Ordering Positive Decimals
32,19,1,Ordering Positive Decimals
32,20,1,Ordering Positive Decimals
32,24,1,Ordering Positive Decimals
32,25,1,Ordering Positive Decimals
32,26,1,Ordering Positive Decimals
32,27,1,Ordering Positive Decimals
32,29,1,Ordering Positive Decimals
32,30,1,Ordering Positive Decimals
32,31,1,Ordering Positive Decimals
32,33,1,Ordering Positive Decimals
32,34,1,Ordering Positive Decimals
32,36,1,Ordering Positive Decimals
32,37,1,Ordering Positive Decimals
32,38,1,Ordering Positive Decimals
32,40,1,Ordering Positive Decimals
32,41,1,Ordering Positive Decimals
32,42,1,Ordering Positive Decimals
32,43,1,Ordering Positive Decimals
32,44,1,Ordering Positive Decimals
32,45,1,Ordering Positive Decimals
32,47,1,Ordering Positive Decimals
32,49,1,Ordering Positive Decimals
32,52,1,Ordering Positive Decimals
32,96,1,Ordering Positive Decimals
32,103,1,Ordering Positive Decimals
33,1,1,Ordering Fractions
33,10,1,Ordering Fractions
33,14,1,Ordering Fractions
33,29,1,Ordering Fractions
33,30,1,Ordering Fractions
33,31,1,Ordering Fractions
33,32,1,Ordering Fractions
33,34,1,Ordering Fractions
33,36,1,Ordering Fractions
33,37,1,Ordering Fractions
33,38,1,Ordering Fractions
33,40,1,Ordering Fractions
33,41,1,Ordering Fractions
33,44,1,Ordering Fractions
33,45,1,Ordering Fractions
33,47,1,Ordering Fractions
33,48,1,Ordering Fractions
33,49,1,Ordering Fractions
33,53,1,Ordering Fractions
33,59,1,Ordering Fractions
33,65,1,Ordering Fractions
33,70,1,Ordering Fractions
33,87,1,Ordering Fractions
33,88,1,Ordering Fractions
33,96,1,Ordering Fractions
33,98,1,Ordering Fractions
34,3,1,Ordering Integers
34,9,1,Ordering Integers
34,14,1,Ordering Integers
34,16,1,Ordering Integers
34,20,1,Ordering Integers
34,30,1,Ordering Integers
34,32,1,Ordering Integers
34,33,1,Ordering Integers
34,35,1,Ordering Integers
34,36,1,Ordering Integers
34,37,1,Ordering Integers
34,38,1,Ordering Integers
34,39,1,Ordering Integers
34,40,1,Ordering Integers
34,41,1,Ordering Integers
34,42,1,Ordering Integers
34,44,1,Ordering Integers
34,46,1,Ordering Integers
34,49,1,Ordering Integers
34,53,1,Ordering Integers
34,56,1,Ordering Integers
34,58,1,Ordering Integers
34,63,1,Ordering Integers
34,79,1,Ordering Integers
35,34,1,Ordering Real Numbers
35,36,1,Ordering Real Numbers
35,37,1,Ordering Real Numbers
35,38,1,Ordering Real Numbers
35,39,1,Ordering Real Numbers
35,46,1,Ordering Real Numbers
36,3,1,Rounding
36,7,1,Rounding
36,11,1,Rounding
36,12,1,Rounding
36,17,1,Rounding
36,19,1,Rounding
36,29,1,Rounding
36,30,1,Rounding
36,31,1,Rounding
36,32,1,Rounding
36,33,1,Rounding
36,34,1,Rounding
36,35,1,Rounding
36,37,1,Rounding
36,38,1,Rounding
36,41,1,Rounding
36,42,1,Rounding
36,44,1,Rounding
36,45,1,Rounding
36,46,1,Rounding
37,6,1,Addition Whole Numbers
37,7,1,Addition Whole Numbers
37,8,1,Addition Whole Numbers
37,11,1,Addition Whole Numbers
37,14,1,Addition Whole Numbers
37,17,1,Addition Whole Numbers
37,19,1,Addition Whole Numbers
37,20,1,Addition Whole Numbers
37,26,1,Addition Whole Numbers
37,27,1,Addition Whole Numbers
37,29,1,Addition Whole Numbers
37,30,1,Addition Whole Numbers
37,31,1,Addition Whole Numbers
37,32,1,Addition Whole Numbers
37,33,1,Addition Whole Numbers
37,34,1,Addition Whole Numbers
37,35,1,Addition Whole Numbers
37,36,1,Addition Whole Numbers
37,38,1,Addition Whole Numbers
37,39,1,Addition Whole Numbers
37,40,1,Addition Whole Numbers
37,41,1,Addition Whole Numbers
37,42,1,Addition Whole Numbers
37,43,1,Addition Whole Numbers
37,44,1,Addition Whole Numbers
37,45,1,Addition Whole Numbers
37,46,1,Addition Whole Numbers
37,47,1,Addition Whole Numbers
37,48,1,Addition Whole Numbers
37,49,1,Addition Whole Numbers
37,52,1,Addition Whole Numbers
37,53,1,Addition Whole Numbers
37,55,1,Addition Whole Numbers
37,56,1,Addition Whole Numbers
37,58,1,Addition Whole Numbers
37,79,1,Addition Whole Numbers
37,82,1,Addition Whole Numbers
37,89,1,Addition Whole Numbers
38,1,1,Division Fractions
38,11,1,Division Fractions
38,13,1,Division Fractions
38,14,1,Division Fractions
38,25,1,Division Fractions
38,26,1,Division Fractions
38,30,1,Division Fractions
38,32,1,Division Fractions
38,33,1,Division Fractions
38,34,1,Division Fractions
38,35,1,Division Fractions
38,36,1,Division Fractions
38,37,1,Division Fractions
38,39,1,Division Fractions
38,40,1,Division Fractions
38,41,1,Division Fractions
38,42,1,Division Fractions
38,43,1,Division Fractions
38,44,1,Division Fractions
38,45,1,Division Fractions
38,47,1,Division Fractions
38,48,1,Division Fractions
38,49,1,Division Fractions
38,55,1,Division Fractions
38,63,1,Division Fractions
38,78,1,Division Fractions
38,82,1,Division Fractions
39,11,1,Estimation
39,20,1,Estimation
39,27,1,Estimation
39,29,1,Estimation
39,30,1,Estimation
39,31,1,Estimation
39,34,1,Estimation
39,35,1,Estimation
39,37,1,Estimation
39,38,1,Estimation
39,40,1,Estimation
39,41,1,Estimation
39,42,1,Estimation
39,44,1,Estimation
39,45,1,Estimation
39,46,1,Estimation
39,48,1,Estimation
39,49,1,Estimation
40,6,1,Fraction Of
40,14,1,Fraction Of
40,18,1,Fraction Of
40,19,1,Fraction Of
40,31,1,Fraction Of
40,32,1,Fraction Of
40,33,1,Fraction Of
40,34,1,Fraction Of
40,37,1,Fraction Of
40,38,1,Fraction Of
40,39,1,Fraction Of
40,41,1,Fraction Of
40,42,1,Fraction Of
40,44,1,Fraction Of
40,45,1,Fraction Of
40,47,1,Fraction Of
40,49,1,Fraction Of
40,87,1,Fraction Of
40,88,1,Fraction Of
41,25,1,Least Common Multiple
41,30,1,Least Common Multiple
41,32,1,Least Common Multiple
41,33,1,Least Common Multiple
41,34,1,Least Common Multiple
41,36,1,Least Common Multiple
41,37,1,Least Common Multiple
41,38,1,Least Common Multiple
41,39,1,Least Common Multiple
41,40,1,Least Common Multiple
41,42,1,Least Common Multiple
41,44,1,Least Common Multiple
41,45,1,Least Common Multiple
41,46,1,Least Common Multiple
41,48,1,Least Common Multiple
41,49,1,Least Common Multiple
41,53,1,Least Common Multiple
41,55,1,Least Common Multiple
41,56,1,Least Common Multiple
41,79,1,Least Common Multiple
41,82,1,Least Common Multiple
41,98,1,Least Common Multiple
42,30,1,Multiplication Fractions
42,32,1,Multiplication Fractions
42,34,1,Multiplication Fractions
42,36,1,Multiplication Fractions
42,37,1,Multiplication Fractions
42,38,1,Multiplication Fractions
42,39,1,Multiplication Fractions
42,40,1,Multiplication Fractions
42,41,1,Multiplication Fractions
42,43,1,Multiplication Fractions
42,44,1,Multiplication Fractions
42,45,1,Multiplication Fractions
42,46,1,Multiplication Fractions
42,47,1,Multiplication Fractions
42,48,1,Multiplication Fractions
42,49,1,Multiplication Fractions
42,53,1,Multiplication Fractions
42,55,1,Multiplication Fractions
42,56,1,Multiplication Fractions
42,57,1,Multiplication Fractions
42,58,1,Multiplication Fractions
42,63,1,Multiplication Fractions
42,78,1,Multiplication Fractions
42,79,1,Multiplication Fractions
42,80,1,Multiplication Fractions
42,82,1,Multiplication Fractions
43,22,1,Multiplication Whole Numbers
43,32,1,Multiplication Whole Numbers
43,37,1,Multiplication Whole Numbers
43,38,1,Multiplication Whole Numbers
43,42,1,Multiplication Whole Numbers
43,44,1,Multiplication Whole Numbers
43,45,1,Multiplication Whole Numbers
43,51,1,Multiplication Whole Numbers
44,1,1,Percent Of
44,7,1,Percent Of
44,10,1,Percent Of
44,11,1,Percent Of
44,14,1,Percent Of
44,17,1,Percent Of
44,18,1,Percent Of
44,21,1,Percent Of
44,24,1,Percent Of
44,29,1,Percent Of
44,30,1,Percent Of
44,31,1,Percent Of
44,32,1,Percent Of
44,33,1,Percent Of
44,34,1,Percent Of
44,36,1,Percent Of
44,37,1,Percent Of
44,38,1,Percent Of
44,39,1,Percent Of
44,40,1,Percent Of
44,41,1,Percent Of
44,42,1,Percent Of
44,43,1,Percent Of
44,45,1,Percent Of
44,46,1,Percent Of
44,47,1,Percent Of
44,48,1,Percent Of
44,49,1,Percent Of
44,51,1,Percent Of
44,53,1,Percent Of
44,56,1,Percent Of
44,66,1,Percent Of
44,78,1,Percent Of
44,79,1,Percent Of
44,82,1,Percent Of
44,87,1,Percent Of
44,88,1,Percent Of
44,89,1,Percent Of
44,98,1,Percent Of
44,99,1,Percent Of
45,10,1,Subtraction Whole Numbers
45,11,1,Subtraction Whole Numbers
45,14,1,Subtraction Whole Numbers
45,22,1,Subtraction Whole Numbers
45,29,1,Subtraction Whole Numbers
45,30,1,Subtraction Whole Numbers
45,32,1,Subtraction Whole Numbers
45,33,1,Subtraction Whole Numbers
45,36,1,Subtraction Whole Numbers
45,37,1,Subtraction Whole Numbers
45,38,1,Subtraction Whole Numbers
45,39,1,Subtraction Whole Numbers
45,40,1,Subtraction Whole Numbers
45,41,1,Subtraction Whole Numbers
45,42,1,Subtraction Whole Numbers
45,43,1,Subtraction Whole Numbers
45,44,1,Subtraction Whole Numbers
45,46,1,Subtraction Whole Numbers
45,47,1,Subtraction Whole Numbers
45,48,1,Subtraction Whole Numbers
45,49,1,Subtraction Whole Numbers
45,50,1,Subtraction Whole Numbers
45,51,1,Subtraction Whole Numbers
45,52,1,Subtraction Whole Numbers
45,53,1,Subtraction Whole Numbers
45,54,1,Subtraction Whole Numbers
45,55,1,Subtraction Whole Numbers
45,58,1,Subtraction Whole Numbers
46,10,1,Square Root
46,11,1,Square Root
46,34,1,Square Root
46,35,1,Square Root
46,36,1,Square Root
46,37,1,Square Root
46,39,1,Square Root
46,41,1,Square Root
46,42,1,Square Root
46,44,1,Square Root
46,45,1,Square Root
46,47,1,Square Root
46,48,1,Square Root
46,49,1,Square Root
46,50,1,Square Root
46,51,1,Square Root
46,52,1,Square Root
46,54,1,Square Root
46,55,1,Square Root
46,56,1,Square Root
46,58,1,Square Root
46,78,1,Square Root
46,79,1,Square Root
47,30,1,Conversion of Fraction Decimals Percents
47,32,1,Conversion of Fraction Decimals Percents
47,33,1,Conversion of Fraction Decimals Percents
47,37,1,Conversion of Fraction Decimals Percents
47,38,1,Conversion of Fraction Decimals Percents
47,40,1,Conversion of Fraction Decimals Percents
47,42,1,Conversion of Fraction Decimals Percents
47,44,1,Conversion of Fraction Decimals Percents
47,45,1,Conversion of Fraction Decimals Percents
47,46,1,Conversion of Fraction Decimals Percents
47,48,1,Conversion of Fraction Decimals Percents
47,49,1,Conversion of Fraction Decimals Percents
47,51,1,Conversion of Fraction Decimals Percents
47,52,1,Conversion of Fraction Decimals Percents
47,53,1,Conversion of Fraction Decimals Percents
47,55,1,Conversion of Fraction Decimals Percents
47,56,1,Conversion of Fraction Decimals Percents
47,78,1,Conversion of Fraction Decimals Percents
47,88,1,Conversion of Fraction Decimals Percents
48,1,1,Finding Percents
48,24,1,Finding Percents
48,30,1,Finding Percents
48,31,1,Finding Percents
48,33,1,Finding Percents
48,37,1,Finding Percents
48,38,1,Finding Percents
48,39,1,Finding Percents
48,41,1,Finding Percents
48,42,1,Finding Percents
48,44,1,Finding Percents
48,45,1,Finding Percents
48,46,1,Finding Percents
48,47,1,Finding Percents
48,49,1,Finding Percents
48,50,1,Finding Percents
48,51,1,Finding Percents
48,52,1,Finding Percents
48,53,1,Finding Percents
48,54,1,Finding Percents
48,55,1,Finding Percents
48,56,1,Finding Percents
48,58,1,Finding Percents
48,60,1,Finding Percents
48,66,1,Finding Percents
48,78,1,Finding Percents
48,79,1,Finding Percents
48,82,1,Finding Percents
48,92,1,Finding Percents
48,98,1,Finding Percents
49,1,1,Proportion
49,14,1,Proportion
49,18,1,Proportion
49,21,1,Proportion
49,29,1,Proportion
49,30,1,Proportion
49,31,1,Proportion
49,32,1,Proportion
49,33,1,Proportion
49,34,1,Proportion
49,37,1,Proportion
49,38,1,Proportion
49,39,1,Proportion
49,40,1,Proportion
49,41,1,Proportion
49,42,1,Proportion
49,44,1,Proportion
49,45,1,Proportion
49,46,1,Proportion
49,47,1,Proportion
49,48,1,Proportion
49,50,1,Proportion
49,51,1,Proportion
49,52,1,Proportion
49,53,1,Proportion
49,54,1,Proportion
49,55,1,Proportion
49,56,1,Proportion
49,58,1,Proportion
49,61,1,Proportion
49,63,1,Proportion
49,65,1,Proportion
49,71,1,Proportion
49,78,1,Proportion
49,79,1,Proportion
49,80,1,Proportion
49,81,1,Proportion
49,82,1,Proportion
49,83,1,Proportion
49,85,1,Proportion
49,97,1,Proportion
49,98,1,Proportion
49,106,1,Proportion
49,119,1,Proportion
50,45,1,Scale Factor
50,46,1,Scale Factor
50,48,1,Scale Factor
50,49,1,Scale Factor
50,51,1,Scale Factor
50,52,1,Scale Factor
50,55,1,Scale Factor
50,84,1,Scale Factor
51,22,1,Unit Rate
51,29,1,Unit Rate
51,43,1,Unit Rate
51,44,1,Unit Rate
51,45,1,Unit Rate
51,46,1,Unit Rate
51,47,1,Unit Rate
51,48,1,Unit Rate
51,49,1,Unit Rate
51,50,1,Unit Rate
51,52,1,Unit Rate
51,53,1,Unit Rate
51,55,1,Unit Rate
51,56,1,Unit Rate
51,57,1,Unit Rate
51,60,1,Unit Rate
51,78,1,Unit Rate
51,79,1,Unit Rate
51,81,1,Unit Rate
51,83,1,Unit Rate
51,84,1,Unit Rate
51,85,1,Unit Rate
52,11,1,Scientific Notation
52,32,1,Scientific Notation
52,37,1,Scientific Notation
52,45,1,Scientific Notation
52,46,1,Scientific Notation
52,47,1,Scientific Notation
52,48,1,Scientific Notation
52,49,1,Scientific Notation
52,50,1,Scientific Notation
52,51,1,Scientific Notation
52,53,1,Scientific Notation
52,54,1,Scientific Notation
52,55,1,Scientific Notation
52,56,1,Scientific Notation
52,58,1,Scientific Notation
52,60,1,Scientific Notation
52,66,1,Scientific Notation
52,67,1,Scientific Notation
52,78,1,Scientific Notation
52,79,1,Scientific Notation
52,81,1,Scientific Notation
52,82,1,Scientific Notation
52,83,1,Scientific Notation
52,97,1,Scientific Notation
52,98,1,Scientific Notation
52,121,1,Scientific Notation
53,19,1,Divisibility Rules
53,20,1,Divisibility Rules
53,30,1,Divisibility Rules
53,33,1,Divisibility Rules
53,34,1,Divisibility Rules
53,37,1,Divisibility Rules
53,41,1,Divisibility Rules
53,42,1,Divisibility Rules
53,44,1,Divisibility Rules
53,45,1,Divisibility Rules
53,47,1,Divisibility Rules
53,48,1,Divisibility Rules
53,49,1,Divisibility Rules
53,51,1,Divisibility Rules
53,52,1,Divisibility Rules
53,54,1,Divisibility Rules
53,55,1,Divisibility Rules
53,56,1,Divisibility Rules
53,58,1,Divisibility Rules
53,67,1,Divisibility Rules
53,78,1,Divisibility Rules
53,79,1,Divisibility Rules
53,80,1,Divisibility Rules
53,81,1,Divisibility Rules
53,82,1,Divisibility Rules
53,88,1,Divisibility Rules
53,96,1,Divisibility Rules
53,100,1,Divisibility Rules
54,45,1,Prime Number
54,46,1,Prime Number
54,48,1,Prime Number
54,49,1,Prime Number
54,52,1,Prime Number
54,53,1,Prime Number
54,55,1,Prime Number
54,56,1,Prime Number
54,58,1,Prime Number
54,66,1,Prime Number
54,78,1,Prime Number
54,79,1,Prime Number
54,96,1,Prime Number
55,4,1,Absolute Value
55,13,1,Absolute Value
55,37,1,Absolute Value
55,38,1,Absolute Value
55,41,1,Absolute Value
55,42,1,Absolute Value
55,45,1,Absolute Value
55,46,1,Absolute Value
55,47,1,Absolute Value
55,48,1,Absolute Value
55,49,1,Absolute Value
55,50,1,Absolute Value
55,51,1,Absolute Value
55,52,1,Absolute Value
55,53,1,Absolute Value
55,54,1,Absolute Value
55,56,1,Absolute Value
55,58,1,Absolute Value
55,59,1,Absolute Value
55,60,1,Absolute Value
55,63,1,Absolute Value
55,65,1,Absolute Value
55,66,1,Absolute Value
55,67,1,Absolute Value
55,68,1,Absolute Value
55,69,1,Absolute Value
55,70,1,Absolute Value
55,71,1,Absolute Value
55,78,1,Absolute Value
55,79,1,Absolute Value
55,80,1,Absolute Value
55,81,1,Absolute Value
55,83,1,Absolute Value
55,84,1,Absolute Value
55,97,1,Absolute Value
55,98,1,Absolute Value
55,106,1,Absolute Value
56,3,1,Exponents
56,8,1,Exponents
56,9,1,Exponents
56,11,1,Exponents
56,14,1,Exponents
56,20,1,Exponents
56,21,1,Exponents
56,34,1,Exponents
56,37,1,Exponents
56,41,1,Exponents
56,42,1,Exponents
56,44,1,Exponents
56,46,1,Exponents
56,47,1,Exponents
56,48,1,Exponents
56,49,1,Exponents
56,51,1,Exponents
56,52,1,Exponents
56,53,1,Exponents
56,54,1,Exponents
56,55,1,Exponents
56,57,1,Exponents
56,58,1,Exponents
56,59,1,Exponents
56,61,1,Exponents
56,63,1,Exponents
56,64,1,Exponents
56,65,1,Exponents
56,66,1,Exponents
56,67,1,Exponents
56,68,1,Exponents
56,71,1,Exponents
56,78,1,Exponents
56,79,1,Exponents
56,80,1,Exponents
56,82,1,Exponents
56,96,1,Exponents
56,98,1,Exponents
56,106,1,Exponents
56,119,1,Exponents
57,42,1,
57,51,1,
57,56,1,
57,58,1,
57,63,1,
57,78,1,
57,82,1,
57,98,1,
58,14,1,Pattern Finding 
58,29,1,Pattern Finding 
58,30,1,Pattern Finding 
58,34,1,Pattern Finding 
58,37,1,Pattern Finding 
58,42,1,Pattern Finding 
58,45,1,Pattern Finding 
58,46,1,Pattern Finding 
58,48,1,Pattern Finding 
58,49,1,Pattern Finding 
58,52,1,Pattern Finding 
58,53,1,Pattern Finding 
58,54,1,Pattern Finding 
58,55,1,Pattern Finding 
58,56,1,Pattern Finding 
58,57,1,Pattern Finding 
58,59,1,Pattern Finding 
58,60,1,Pattern Finding 
58,63,1,Pattern Finding 
58,66,1,Pattern Finding 
58,78,1,Pattern Finding 
58,79,1,Pattern Finding 
58,81,1,Pattern Finding 
58,82,1,Pattern Finding 
58,83,1,Pattern Finding 
58,84,1,Pattern Finding 
58,85,1,Pattern Finding 
58,93,1,Pattern Finding 
58,96,1,Pattern Finding 
58,98,1,Pattern Finding 
58,103,1,Pattern Finding 
58,104,1,Pattern Finding 
59,20,1,
59,29,1,
59,30,1,
59,33,1,
59,55,1,
59,56,1,
59,58,1,
59,60,1,
59,61,1,
59,63,1,
59,65,1,
59,67,1,
59,68,1,
59,69,1,
59,70,1,
59,78,1,
59,79,1,
59,80,1,
59,81,1,
59,82,1,
59,83,1,
59,85,1,
59,96,1,
59,98,1,
60,48,1,
60,51,1,
60,52,1,
60,55,1,
60,58,1,
60,59,1,
60,61,1,
60,63,1,
60,65,1,
60,67,1,
60,78,1,
60,79,1,
60,92,1,
60,97,1,
61,4,1,
61,11,1,
61,18,1,
61,19,1,
61,25,1,
61,49,1,
61,56,1,
61,59,1,
61,60,1,
61,62,1,
61,66,1,
62,61,1,
62,63,1,
62,65,1,
62,66,1,
63,4,1,
63,14,1,
63,29,1,
63,34,1,
63,38,1,
63,42,1,
63,49,1,
63,55,1,
63,56,1,
63,57,1,
63,58,1,
63,59,1,
63,60,1,
63,62,1,
63,65,1,
63,66,1,
63,67,1,
63,68,1,
63,70,1,
63,78,1,
63,79,1,
63,81,1,
63,82,1,
63,83,1,
63,84,1,
63,85,1,
63,96,1,
63,98,1,
64,3,1,
64,56,1,
64,79,1,
65,6,1,
65,18,1,
65,25,1,
65,33,1,
65,49,1,
65,55,1,
65,56,1,
65,59,1,
65,60,1,
65,62,1,
65,63,1,
65,66,1,
65,67,1,
65,68,1,
65,78,1,
65,79,1,
65,80,1,
65,81,1,
65,92,1,
65,97,1,
65,98,1,
65,106,1,
66,9,1,
66,11,1,
66,20,1,
66,21,1,
66,27,1,
66,44,1,
66,48,1,
66,52,1,
66,54,1,
66,55,1,
66,56,1,
66,58,1,
66,61,1,
66,62,1,
66,63,1,
66,65,1,
66,67,1,
66,68,1,
66,70,1,
66,78,1,
66,79,1,
66,81,1,
66,92,1,
66,96,1,
66,98,1,
66,106,1,
67,18,1,D.4.8-understanding-concept-of-probabilities
67,21,1,D.4.8-understanding-concept-of-probabilities
67,27,1,D.4.8-understanding-concept-of-probabilities
67,52,1,D.4.8-understanding-concept-of-probabilities
67,53,1,D.4.8-understanding-concept-of-probabilities
67,55,1,D.4.8-understanding-concept-of-probabilities
67,56,1,D.4.8-understanding-concept-of-probabilities
67,59,1,D.4.8-understanding-concept-of-probabilities
67,60,1,D.4.8-understanding-concept-of-probabilities
67,63,1,D.4.8-understanding-concept-of-probabilities
67,65,1,D.4.8-understanding-concept-of-probabilities
67,66,1,D.4.8-understanding-concept-of-probabilities
67,78,1,D.4.8-understanding-concept-of-probabilities
67,79,1,D.4.8-understanding-concept-of-probabilities
67,81,1,D.4.8-understanding-concept-of-probabilities
67,96,1,D.4.8-understanding-concept-of-probabilities
67,121,1,D.4.8-understanding-concept-of-probabilities
68,55,1,Absolute Value
68,56,1,Absolute Value
68,59,1,Absolute Value
68,63,1,Absolute Value
68,65,1,Absolute Value
68,66,1,Absolute Value
68,69,1,Absolute Value
68,70,1,Absolute Value
68,75,1,Absolute Value
68,79,1,Absolute Value
68,80,1,Absolute Value
68,81,1,Absolute Value
69,55,1,Algebraic Simplification
69,59,1,Algebraic Simplification
69,68,1,Algebraic Simplification
69,70,1,Algebraic Simplification
69,74,1,Algebraic Simplification
69,75,1,Algebraic Simplification
69,79,1,Algebraic Simplification
70,33,1,Algebraic Solving
70,55,1,Algebraic Solving
70,59,1,Algebraic Solving
70,63,1,Algebraic Solving
70,66,1,Algebraic Solving
70,68,1,Algebraic Solving
70,69,1,Algebraic Solving
70,74,1,Algebraic Solving
70,75,1,Algebraic Solving
70,76,1,Algebraic Solving
70,79,1,Algebraic Solving
70,80,1,Algebraic Solving
70,98,1,Algebraic Solving
71,49,1,Choose an Equation from Given Information
71,55,1,Choose an Equation from Given Information
71,56,1,Choose an Equation from Given Information
71,72,1,Choose an Equation from Given Information
71,73,1,Choose an Equation from Given Information
71,77,1,Choose an Equation from Given Information
72,71,1,Intercept
72,73,1,Intercept
72,77,1,Intercept
73,71,1,Linear Equations
73,72,1,Linear Equations
73,77,1,Linear Equations
74,69,1,Percent Discount
74,70,1,Percent Discount
74,75,1,Percent Discount
74,76,1,Percent Discount
74,79,1,Percent Discount
75,68,1,Percents
75,69,1,Percents
75,70,1,Percents
75,74,1,Percents
75,76,1,Percents
75,79,1,Percents
75,80,1,Percents
76,70,1,Rate
76,74,1,Rate
76,75,1,Rate
76,79,1,Rate
76,80,1,Rate
76,81,1,Rate
76,82,1,Rate
77,71,1,Slope
77,72,1,Slope
77,73,1,Slope
77,78,1,Slope
77,79,1,Slope
77,80,1,Slope
78,38,1,Multiplication and Division Positive Decimals
78,42,1,Multiplication and Division Positive Decimals
78,44,1,Multiplication and Division Positive Decimals
78,46,1,Multiplication and Division Positive Decimals
78,47,1,Multiplication and Division Positive Decimals
78,48,1,Multiplication and Division Positive Decimals
78,49,1,Multiplication and Division Positive Decimals
78,51,1,Multiplication and Division Positive Decimals
78,52,1,Multiplication and Division Positive Decimals
78,53,1,Multiplication and Division Positive Decimals
78,54,1,Multiplication and Division Positive Decimals
78,55,1,Multiplication and Division Positive Decimals
78,56,1,Multiplication and Division Positive Decimals
78,57,1,Multiplication and Division Positive Decimals
78,58,1,Multiplication and Division Positive Decimals
78,59,1,Multiplication and Division Positive Decimals
78,60,1,Multiplication and Division Positive Decimals
78,63,1,Multiplication and Division Positive Decimals
78,65,1,Multiplication and Division Positive Decimals
78,66,1,Multiplication and Division Positive Decimals
78,67,1,Multiplication and Division Positive Decimals
78,77,1,Multiplication and Division Positive Decimals
78,79,1,Multiplication and Division Positive Decimals
78,80,1,Multiplication and Division Positive Decimals
78,81,1,Multiplication and Division Positive Decimals
79,30,1,Addition and Subtraction Integers
79,34,1,Addition and Subtraction Integers
79,37,1,Addition and Subtraction Integers
79,41,1,Addition and Subtraction Integers
79,42,1,Addition and Subtraction Integers
79,44,1,Addition and Subtraction Integers
79,46,1,Addition and Subtraction Integers
79,48,1,Addition and Subtraction Integers
79,49,1,Addition and Subtraction Integers
79,51,1,Addition and Subtraction Integers
79,52,1,Addition and Subtraction Integers
79,53,1,Addition and Subtraction Integers
79,54,1,Addition and Subtraction Integers
79,55,1,Addition and Subtraction Integers
79,56,1,Addition and Subtraction Integers
79,58,1,Addition and Subtraction Integers
79,59,1,Addition and Subtraction Integers
79,60,1,Addition and Subtraction Integers
79,63,1,Addition and Subtraction Integers
79,64,1,Addition and Subtraction Integers
79,65,1,Addition and Subtraction Integers
79,66,1,Addition and Subtraction Integers
79,67,1,Addition and Subtraction Integers
79,68,1,Addition and Subtraction Integers
79,69,1,Addition and Subtraction Integers
79,70,1,Addition and Subtraction Integers
79,74,1,Addition and Subtraction Integers
79,75,1,Addition and Subtraction Integers
79,76,1,Addition and Subtraction Integers
79,77,1,Addition and Subtraction Integers
79,78,1,Addition and Subtraction Integers
79,80,1,Addition and Subtraction Integers
79,81,1,Addition and Subtraction Integers
79,82,1,Addition and Subtraction Integers
79,83,1,Addition and Subtraction Integers
79,88,1,Addition and Subtraction Integers
79,96,1,Addition and Subtraction Integers
79,97,1,Addition and Subtraction Integers
79,98,1,Addition and Subtraction Integers
79,100,1,Addition and Subtraction Integers
79,102,1,Addition and Subtraction Integers
79,115,1,Addition and Subtraction Integers
80,22,1,Addition and Subtraction Positive Decimals
80,29,1,Addition and Subtraction Positive Decimals
80,42,1,Addition and Subtraction Positive Decimals
80,49,1,Addition and Subtraction Positive Decimals
80,53,1,Addition and Subtraction Positive Decimals
80,55,1,Addition and Subtraction Positive Decimals
80,56,1,Addition and Subtraction Positive Decimals
80,59,1,Addition and Subtraction Positive Decimals
80,65,1,Addition and Subtraction Positive Decimals
80,68,1,Addition and Subtraction Positive Decimals
80,70,1,Addition and Subtraction Positive Decimals
80,75,1,Addition and Subtraction Positive Decimals
80,76,1,Addition and Subtraction Positive Decimals
80,77,1,Addition and Subtraction Positive Decimals
80,78,1,Addition and Subtraction Positive Decimals
80,79,1,Addition and Subtraction Positive Decimals
80,81,1,Addition and Subtraction Positive Decimals
80,82,1,Addition and Subtraction Positive Decimals
80,96,1,Addition and Subtraction Positive Decimals
80,98,1,Addition and Subtraction Positive Decimals
80,110,1,Addition and Subtraction Positive Decimals
81,9,1,Multiplication and Division Integers
81,20,1,Multiplication and Division Integers
81,49,1,Multiplication and Division Integers
81,51,1,Multiplication and Division Integers
81,52,1,Multiplication and Division Integers
81,53,1,Multiplication and Division Integers
81,55,1,Multiplication and Division Integers
81,58,1,Multiplication and Division Integers
81,59,1,Multiplication and Division Integers
81,63,1,Multiplication and Division Integers
81,65,1,Multiplication and Division Integers
81,66,1,Multiplication and Division Integers
81,67,1,Multiplication and Division Integers
81,68,1,Multiplication and Division Integers
81,76,1,Multiplication and Division Integers
81,78,1,Multiplication and Division Integers
81,79,1,Multiplication and Division Integers
81,80,1,Multiplication and Division Integers
81,82,1,Multiplication and Division Integers
81,85,1,Multiplication and Division Integers
81,92,1,Multiplication and Division Integers
81,96,1,Multiplication and Division Integers
81,97,1,Multiplication and Division Integers
81,98,1,Multiplication and Division Integers
81,107,1,Multiplication and Division Integers
81,118,1,Multiplication and Division Integers
82,18,1,Addition and Subtraction Fractions
82,19,1,Addition and Subtraction Fractions
82,30,1,Addition and Subtraction Fractions
82,37,1,Addition and Subtraction Fractions
82,38,1,Addition and Subtraction Fractions
82,41,1,Addition and Subtraction Fractions
82,42,1,Addition and Subtraction Fractions
82,44,1,Addition and Subtraction Fractions
82,48,1,Addition and Subtraction Fractions
82,49,1,Addition and Subtraction Fractions
82,52,1,Addition and Subtraction Fractions
82,53,1,Addition and Subtraction Fractions
82,56,1,Addition and Subtraction Fractions
82,57,1,Addition and Subtraction Fractions
82,58,1,Addition and Subtraction Fractions
82,59,1,Addition and Subtraction Fractions
82,63,1,Addition and Subtraction Fractions
82,76,1,Addition and Subtraction Fractions
82,79,1,Addition and Subtraction Fractions
82,80,1,Addition and Subtraction Fractions
82,81,1,Addition and Subtraction Fractions
82,83,1,Addition and Subtraction Fractions
82,84,1,Addition and Subtraction Fractions
82,85,1,Addition and Subtraction Fractions
82,86,1,Addition and Subtraction Fractions
82,87,1,Addition and Subtraction Fractions
82,88,1,Addition and Subtraction Fractions
82,89,1,Addition and Subtraction Fractions
82,92,1,Addition and Subtraction Fractions
82,93,1,Addition and Subtraction Fractions
82,94,1,Addition and Subtraction Fractions
82,95,1,Addition and Subtraction Fractions
82,96,1,Addition and Subtraction Fractions
82,97,1,Addition and Subtraction Fractions
82,98,1,Addition and Subtraction Fractions
82,99,1,Addition and Subtraction Fractions
82,103,1,Addition and Subtraction Fractions
82,106,1,Addition and Subtraction Fractions
82,112,1,Addition and Subtraction Fractions
82,114,1,Addition and Subtraction Fractions
82,118,1,Addition and Subtraction Fractions
82,121,1,Addition and Subtraction Fractions
83,14,1,Reflection
83,29,1,Reflection
83,49,1,Reflection
83,51,1,Reflection
83,52,1,Reflection
83,55,1,Reflection
83,58,1,Reflection
83,59,1,Reflection
83,63,1,Reflection
83,79,1,Reflection
83,82,1,Reflection
83,84,1,Reflection
83,85,1,Reflection
83,86,1,Reflection
83,91,1,Reflection
83,93,1,Reflection
83,96,1,Reflection
83,98,1,Reflection
83,103,1,Reflection
84,14,1,Rotations
84,18,1,Rotations
84,29,1,Rotations
84,50,1,Rotations
84,51,1,Rotations
84,55,1,Rotations
84,58,1,Rotations
84,63,1,Rotations
84,82,1,Rotations
84,83,1,Rotations
84,85,1,Rotations
84,86,1,Rotations
84,87,1,Rotations
84,88,1,Rotations
84,93,1,Rotations
84,96,1,Rotations
84,98,1,Rotations
85,14,1,Translations
85,29,1,Translations
85,49,1,Translations
85,51,1,Translations
85,58,1,Translations
85,59,1,Translations
85,63,1,Translations
85,81,1,Translations
85,82,1,Translations
85,83,1,Translations
85,84,1,Translations
85,86,1,Translations
85,87,1,Translations
85,88,1,Translations
85,92,1,Translations
85,93,1,Translations
85,94,1,Translations
85,95,1,Translations
85,96,1,Translations
85,97,1,Translations
85,98,1,Translations
85,103,1,Translations
85,117,1,Translations
86,82,1,Area Irregular Figure
86,83,1,Area Irregular Figure
86,84,1,Area Irregular Figure
86,85,1,Area Irregular Figure
86,87,1,Area Irregular Figure
86,88,1,Area Irregular Figure
86,89,1,Area Irregular Figure
86,91,1,Area Irregular Figure
86,92,1,Area Irregular Figure
86,96,1,Area Irregular Figure
87,33,1,Area Parallelogram
87,40,1,Area Parallelogram
87,44,1,Area Parallelogram
87,82,1,Area Parallelogram
87,84,1,Area Parallelogram
87,85,1,Area Parallelogram
87,86,1,Area Parallelogram
87,88,1,Area Parallelogram
87,89,1,Area Parallelogram
87,90,1,Area Parallelogram
88,7,1,Area Rectangle
88,33,1,Area Rectangle
88,40,1,Area Rectangle
88,44,1,Area Rectangle
88,47,1,Area Rectangle
88,53,1,Area Rectangle
88,79,1,Area Rectangle
88,82,1,Area Rectangle
88,84,1,Area Rectangle
88,85,1,Area Rectangle
88,86,1,Area Rectangle
88,87,1,Area Rectangle
88,89,1,Area Rectangle
88,90,1,Area Rectangle
88,91,1,Area Rectangle
88,92,1,Area Rectangle
88,94,1,Area Rectangle
88,99,1,Area Rectangle
88,100,1,Area Rectangle
89,37,1,Area Trapezoid
89,44,1,Area Trapezoid
89,82,1,Area Trapezoid
89,86,1,Area Trapezoid
89,87,1,Area Trapezoid
89,88,1,Area Trapezoid
89,90,1,Area Trapezoid
89,91,1,Area Trapezoid
89,92,1,Area Trapezoid
89,93,1,Area Trapezoid
89,96,1,Area Trapezoid
89,98,1,Area Trapezoid
89,99,1,Area Trapezoid
90,7,1,Area Triangle
90,87,1,Area Triangle
90,88,1,Area Triangle
90,89,1,Area Triangle
90,91,1,Area Triangle
90,92,1,Area Triangle
90,93,1,Area Triangle
90,94,1,Area Triangle
91,83,1,Surface Area Cylinder
91,86,1,Surface Area Cylinder
91,88,1,Surface Area Cylinder
91,89,1,Surface Area Cylinder
91,90,1,Surface Area Cylinder
91,92,1,Surface Area Cylinder
91,94,1,Surface Area Cylinder
91,101,1,Surface Area Cylinder
92,48,1,Surface Area Rectangular Prism
92,60,1,Surface Area Rectangular Prism
92,65,1,Surface Area Rectangular Prism
92,66,1,Surface Area Rectangular Prism
92,81,1,Surface Area Rectangular Prism
92,82,1,Surface Area Rectangular Prism
92,85,1,Surface Area Rectangular Prism
92,86,1,Surface Area Rectangular Prism
92,88,1,Surface Area Rectangular Prism
92,89,1,Surface Area Rectangular Prism
92,90,1,Surface Area Rectangular Prism
92,91,1,Surface Area Rectangular Prism
92,93,1,Surface Area Rectangular Prism
92,94,1,Surface Area Rectangular Prism
92,95,1,Surface Area Rectangular Prism
92,96,1,Surface Area Rectangular Prism
92,97,1,Surface Area Rectangular Prism
92,98,1,Surface Area Rectangular Prism
92,103,1,Surface Area Rectangular Prism
92,119,1,Surface Area Rectangular Prism
93,58,1,Volume Cylinder
93,82,1,Volume Cylinder
93,83,1,Volume Cylinder
93,84,1,Volume Cylinder
93,85,1,Volume Cylinder
93,89,1,Volume Cylinder
93,90,1,Volume Cylinder
93,92,1,Volume Cylinder
93,94,1,Volume Cylinder
93,95,1,Volume Cylinder
93,96,1,Volume Cylinder
94,29,1,Volume Rectangular Prism
94,82,1,Volume Rectangular Prism
94,85,1,Volume Rectangular Prism
94,88,1,Volume Rectangular Prism
94,90,1,Volume Rectangular Prism
94,91,1,Volume Rectangular Prism
94,92,1,Volume Rectangular Prism
94,93,1,Volume Rectangular Prism
94,95,1,Volume Rectangular Prism
94,96,1,Volume Rectangular Prism
94,97,1,Volume Rectangular Prism
94,98,1,Volume Rectangular Prism
94,99,1,Volume Rectangular Prism
94,100,1,Volume Rectangular Prism
94,101,1,Volume Rectangular Prism
95,82,1,Volume Sphere
95,85,1,Volume Sphere
95,92,1,Volume Sphere
95,93,1,Volume Sphere
95,94,1,Volume Sphere
95,96,1,Volume Sphere
96,18,1,"Order of Operations +,-,/,* () positive reals"
96,20,1,"Order of Operations +,-,/,* () positive reals"
96,27,1,"Order of Operations +,-,/,* () positive reals"
96,30,1,"Order of Operations +,-,/,* () positive reals"
96,32,1,"Order of Operations +,-,/,* () positive reals"
96,33,1,"Order of Operations +,-,/,* () positive reals"
96,53,1,"Order of Operations +,-,/,* () positive reals"
96,54,1,"Order of Operations +,-,/,* () positive reals"
96,56,1,"Order of Operations +,-,/,* () positive reals"
96,58,1,"Order of Operations +,-,/,* () positive reals"
96,59,1,"Order of Operations +,-,/,* () positive reals"
96,63,1,"Order of Operations +,-,/,* () positive reals"
96,66,1,"Order of Operations +,-,/,* () positive reals"
96,67,1,"Order of Operations +,-,/,* () positive reals"
96,79,1,"Order of Operations +,-,/,* () positive reals"
96,80,1,"Order of Operations +,-,/,* () positive reals"
96,81,1,"Order of Operations +,-,/,* () positive reals"
96,82,1,"Order of Operations +,-,/,* () positive reals"
96,83,1,"Order of Operations +,-,/,* () positive reals"
96,84,1,"Order of Operations +,-,/,* () positive reals"
96,85,1,"Order of Operations +,-,/,* () positive reals"
96,86,1,"Order of Operations +,-,/,* () positive reals"
96,89,1,"Order of Operations +,-,/,* () positive reals"
96,92,1,"Order of Operations +,-,/,* () positive reals"
96,93,1,"Order of Operations +,-,/,* () positive reals"
96,94,1,"Order of Operations +,-,/,* () positive reals"
96,95,1,"Order of Operations +,-,/,* () positive reals"
96,97,1,"Order of Operations +,-,/,* () positive reals"
96,98,1,"Order of Operations +,-,/,* () positive reals"
96,119,1,"Order of Operations +,-,/,* () positive reals"
97,49,1,Order of Operations All
97,52,1,Order of Operations All
97,55,1,Order of Operations All
97,60,1,Order of Operations All
97,65,1,Order of Operations All
97,79,1,Order of Operations All
97,81,1,Order of Operations All
97,82,1,Order of Operations All
97,85,1,Order of Operations All
97,92,1,Order of Operations All
97,94,1,Order of Operations All
97,96,1,Order of Operations All
97,98,1,Order of Operations All
97,99,1,Order of Operations All
97,101,1,Order of Operations All
97,102,1,Order of Operations All
97,103,1,Order of Operations All
97,106,1,Order of Operations All
97,111,1,Order of Operations All
97,112,1,Order of Operations All
97,114,1,Order of Operations All
97,117,1,Order of Operations All
97,118,1,Order of Operations All
97,119,1,Order of Operations All
98,7,1,Equation Solving Two or Fewer Steps
98,14,1,Equation Solving Two or Fewer Steps
98,18,1,Equation Solving Two or Fewer Steps
98,25,1,Equation Solving Two or Fewer Steps
98,30,1,Equation Solving Two or Fewer Steps
98,33,1,Equation Solving Two or Fewer Steps
98,41,1,Equation Solving Two or Fewer Steps
98,44,1,Equation Solving Two or Fewer Steps
98,48,1,Equation Solving Two or Fewer Steps
98,49,1,Equation Solving Two or Fewer Steps
98,52,1,Equation Solving Two or Fewer Steps
98,55,1,Equation Solving Two or Fewer Steps
98,56,1,Equation Solving Two or Fewer Steps
98,57,1,Equation Solving Two or Fewer Steps
98,58,1,Equation Solving Two or Fewer Steps
98,59,1,Equation Solving Two or Fewer Steps
98,63,1,Equation Solving Two or Fewer Steps
98,65,1,Equation Solving Two or Fewer Steps
98,66,1,Equation Solving Two or Fewer Steps
98,70,1,Equation Solving Two or Fewer Steps
98,79,1,Equation Solving Two or Fewer Steps
98,80,1,Equation Solving Two or Fewer Steps
98,81,1,Equation Solving Two or Fewer Steps
98,82,1,Equation Solving Two or Fewer Steps
98,83,1,Equation Solving Two or Fewer Steps
98,84,1,Equation Solving Two or Fewer Steps
98,85,1,Equation Solving Two or Fewer Steps
98,89,1,Equation Solving Two or Fewer Steps
98,92,1,Equation Solving Two or Fewer Steps
98,94,1,Equation Solving Two or Fewer Steps
98,96,1,Equation Solving Two or Fewer Steps
98,97,1,Equation Solving Two or Fewer Steps
98,99,1,Equation Solving Two or Fewer Steps
98,101,1,Equation Solving Two or Fewer Steps
98,102,1,Equation Solving Two or Fewer Steps
98,103,1,Equation Solving Two or Fewer Steps
98,104,1,Equation Solving Two or Fewer Steps
98,106,1,Equation Solving Two or Fewer Steps
98,111,1,Equation Solving Two or Fewer Steps
98,112,1,Equation Solving Two or Fewer Steps
98,114,1,Equation Solving Two or Fewer Steps
98,117,1,Equation Solving Two or Fewer Steps
98,118,1,Equation Solving Two or Fewer Steps
98,119,1,Equation Solving Two or Fewer Steps
98,121,1,Equation Solving Two or Fewer Steps
99,44,1,Equation Solving More Than Two Steps
99,82,1,Equation Solving More Than Two Steps
99,88,1,Equation Solving More Than Two Steps
99,89,1,Equation Solving More Than Two Steps
99,94,1,Equation Solving More Than Two Steps
99,97,1,Equation Solving More Than Two Steps
99,98,1,Equation Solving More Than Two Steps
99,101,1,Equation Solving More Than Two Steps
99,102,1,Equation Solving More Than Two Steps
99,103,1,Equation Solving More Than Two Steps
99,104,1,Equation Solving More Than Two Steps
99,106,1,Equation Solving More Than Two Steps
99,111,1,Equation Solving More Than Two Steps
99,119,1,Equation Solving More Than Two Steps
99,121,1,Equation Solving More Than Two Steps
100,53,1,"Angles - Obtuse, Acute, and Right"
100,79,1,"Angles - Obtuse, Acute, and Right"
100,88,1,"Angles - Obtuse, Acute, and Right"
100,94,1,"Angles - Obtuse, Acute, and Right"
100,101,1,"Angles - Obtuse, Acute, and Right"
100,105,1,"Angles - Obtuse, Acute, and Right"
101,91,1,Greatest Common Factor
101,94,1,Greatest Common Factor
101,97,1,Greatest Common Factor
101,98,1,Greatest Common Factor
101,99,1,Greatest Common Factor
101,100,1,Greatest Common Factor
101,102,1,Greatest Common Factor
101,103,1,Greatest Common Factor
101,104,1,Greatest Common Factor
101,105,1,Greatest Common Factor
101,112,1,Greatest Common Factor
102,20,1,Computation with Real Numbers
102,79,1,Computation with Real Numbers
102,97,1,Computation with Real Numbers
102,98,1,Computation with Real Numbers
102,99,1,Computation with Real Numbers
102,101,1,Computation with Real Numbers
102,103,1,Computation with Real Numbers
102,106,1,Computation with Real Numbers
102,118,1,Computation with Real Numbers
103,32,1,Write Linear Equation from Ordered Pairs
103,58,1,Write Linear Equation from Ordered Pairs
103,82,1,Write Linear Equation from Ordered Pairs
103,83,1,Write Linear Equation from Ordered Pairs
103,85,1,Write Linear Equation from Ordered Pairs
103,92,1,Write Linear Equation from Ordered Pairs
103,97,1,Write Linear Equation from Ordered Pairs
103,98,1,Write Linear Equation from Ordered Pairs
103,99,1,Write Linear Equation from Ordered Pairs
103,101,1,Write Linear Equation from Ordered Pairs
103,102,1,Write Linear Equation from Ordered Pairs
103,104,1,Write Linear Equation from Ordered Pairs
103,106,1,Write Linear Equation from Ordered Pairs
103,112,1,Write Linear Equation from Ordered Pairs
103,114,1,Write Linear Equation from Ordered Pairs
103,118,1,Write Linear Equation from Ordered Pairs
103,119,1,Write Linear Equation from Ordered Pairs
104,58,1,Write Linear Equation from Situation
104,98,1,Write Linear Equation from Situation
104,99,1,Write Linear Equation from Situation
104,101,1,Write Linear Equation from Situation
104,103,1,Write Linear Equation from Situation
104,106,1,Write Linear Equation from Situation
104,119,1,Write Linear Equation from Situation
104,121,1,Write Linear Equation from Situation
105,100,1,Recognize Linear Pattern
105,101,1,Recognize Linear Pattern
105,108,1,Recognize Linear Pattern
105,110,1,Recognize Linear Pattern
106,11,1,Write Linear Equation from Graph
106,18,1,Write Linear Equation from Graph
106,19,1,Write Linear Equation from Graph
106,25,1,Write Linear Equation from Graph
106,49,1,Write Linear Equation from Graph
106,55,1,Write Linear Equation from Graph
106,56,1,Write Linear Equation from Graph
106,65,1,Write Linear Equation from Graph
106,66,1,Write Linear Equation from Graph
106,82,1,Write Linear Equation from Graph
106,97,1,Write Linear Equation from Graph
106,98,1,Write Linear Equation from Graph
106,99,1,Write Linear Equation from Graph
106,102,1,Write Linear Equation from Graph
106,103,1,Write Linear Equation from Graph
106,104,1,Write Linear Equation from Graph
106,111,1,Write Linear Equation from Graph
106,117,1,Write Linear Equation from Graph
106,119,1,Write Linear Equation from Graph
106,121,1,Write Linear Equation from Graph
107,25,1,Finding Slope From Situation
107,81,1,Finding Slope From Situation
107,109,1,Finding Slope From Situation
108,105,1,Finding Slope From Equation
108,113,1,Finding Slope From Equation
108,116,1,Finding Slope From Equation
109,107,1,Finding Slope from Ordered Pairs
109,110,1,Finding Slope from Ordered Pairs
109,112,1,Finding Slope from Ordered Pairs
110,80,1,Distributive Property
110,105,1,Distributive Property
110,109,1,Distributive Property
110,121,1,Distributive Property
111,97,1,Midpoint
111,98,1,Midpoint
111,99,1,Midpoint
111,106,1,Midpoint
111,117,1,Midpoint
111,119,1,Midpoint
111,121,1,Midpoint
112,82,1,Polynomial Factors
112,97,1,Polynomial Factors
112,98,1,Polynomial Factors
112,101,1,Polynomial Factors
112,103,1,Polynomial Factors
112,109,1,Polynomial Factors
112,114,1,Polynomial Factors
112,115,1,Polynomial Factors
112,118,1,Polynomial Factors
112,120,1,Polynomial Factors
112,122,1,Polynomial Factors
113,108,1,Recognize Quadratic Pattern
113,116,1,Recognize Quadratic Pattern
114,82,1,Solving Systems of Linear Equations
114,97,1,Solving Systems of Linear Equations
114,98,1,Solving Systems of Linear Equations
114,103,1,Solving Systems of Linear Equations
114,112,1,Solving Systems of Linear Equations
114,118,1,Solving Systems of Linear Equations
114,120,1,Solving Systems of Linear Equations
114,122,1,Solving Systems of Linear Equations
115,79,1,Quadratic Formula to Solve Quadratic Equation
115,112,1,Quadratic Formula to Solve Quadratic Equation
115,122,1,Quadratic Formula to Solve Quadratic Equation
116,108,1,"Parts of a Polyomial, Terms, Coefficient, Monomial, Exponent, Variable"
116,113,1,"Parts of a Polyomial, Terms, Coefficient, Monomial, Exponent, Variable"
117,85,1,Interpreting Coordinate Graphs 
117,97,1,Interpreting Coordinate Graphs 
117,98,1,Interpreting Coordinate Graphs 
117,106,1,Interpreting Coordinate Graphs 
117,111,1,Interpreting Coordinate Graphs 
117,119,1,Interpreting Coordinate Graphs 
117,121,1,Interpreting Coordinate Graphs 
118,81,1,
118,82,1,
118,97,1,
118,98,1,
118,102,1,
118,103,1,
118,112,1,
118,114,1,
118,120,1,
118,122,1,
119,49,1,Solving for a variable
119,56,1,Solving for a variable
119,92,1,Solving for a variable
119,96,1,Solving for a variable
119,97,1,Solving for a variable
119,98,1,Solving for a variable
119,99,1,Solving for a variable
119,103,1,Solving for a variable
119,104,1,Solving for a variable
119,106,1,Solving for a variable
119,111,1,Solving for a variable
119,117,1,Solving for a variable
119,121,1,Solving for a variable
120,112,1,Simplifying Expressions positive exponents
120,114,1,Simplifying Expressions positive exponents
120,118,1,Simplifying Expressions positive exponents
120,122,1,Simplifying Expressions positive exponents
121,3,1,Solving Inequalities
121,52,1,Solving Inequalities
121,67,1,Solving Inequalities
121,82,1,Solving Inequalities
121,98,1,Solving Inequalities
121,99,1,Solving Inequalities
121,104,1,Solving Inequalities
121,106,1,Solving Inequalities
121,110,1,Solving Inequalities
121,111,1,Solving Inequalities
121,117,1,Solving Inequalities
121,119,1,Solving Inequalities
122,112,1,Solving Systems of Linear Equations by Graphing
122,114,1,Solving Systems of Linear Equations by Graphing
122,115,1,Solving Systems of Linear Equations by Graphing
122,118,1,Solving Systems of Linear Equations by Graphing
122,120,1,Solving Systems of Linear Equations by Graphing
